{
  "weights": [
    0.009188561591427403,
    0.001380098168872966,
    0.0004924273378886203,
    0.0017315283781381783,
    0.0038960810971675956,
    0.0,
    0.0005996855433245599,
    0.00533149347995596
  ],
  "intent_min": 0.4302473519191421,
  "intent_max": 7.743381548820542,
  "functions": [
    "linear",
    "power",
    "exp",
    "logistic",
    "piecewise"
  ],
  "fingers": {
    "th": {
      "k_min": 0.017392987775136023,
      "k_max": 4.873520580167791,
      "isotonic_mae": 0.11473931308638215,
      "parametric": {
        "linear": {
          "metrics": {
            "mae": 0.2418118374457472,
            "rmse": 0.28955313804562344,
            "spearman": 0.9992856389868929
          }
        },
        "power": {
          "alpha": 0.5,
          "metrics": {
            "mae": 0.1649293472078762,
            "rmse": 0.17512146310173932,
            "spearman": 0.9992856389868929
          }
        },
        "exp": {
          "beta": 3.75,
          "metrics": {
            "mae": 0.09877279631344976,
            "rmse": 0.1467405069355539,
            "spearman": 0.9992856389868929
          }
        },
        "logistic": {
          "a": 11.600000000000001,
          "b": 0.3,
          "metrics": {
            "mae": 0.08449815569618986,
            "rmse": 0.11054001914317857,
            "spearman": 0.9992856389868929
          }
        },
        "piecewise": {
          "xp": [
            0.0,
            0.1256902690554069,
            0.25497397333603733,
            0.3385350079250134,
            0.4363976357016222,
            1.0
          ],
          "yp": [
            0.003590544388170735,
            0.1152853939051224,
            0.5553141440050262,
            0.7539836986638099,
            0.812504376255637,
            0.9149479619403644
          ],
          "metrics": {
            "mae": 0.030339483061489102,
            "rmse": 0.03967632262202261,
            "spearman": 0.9992856389868929
          }
        }
      },
      "best_function": "piecewise",
      "best_mae": 0.030339483061489102
    },
    "if": {
      "k_min": 0.01744115320850872,
      "k_max": 4.78590843280779,
      "isotonic_mae": 0.10242434572964682,
      "parametric": {
        "linear": {
          "metrics": {
            "mae": 0.11038569651465022,
            "rmse": 0.1276480401595063,
            "spearman": 0.9973927721752252
          }
        },
        "power": {
          "alpha": 0.7,
          "metrics": {
            "mae": 0.08264762418516515,
            "rmse": 0.09771216671171477,
            "spearman": 0.9973927721752252
          }
        },
        "exp": {
          "beta": 2.05,
          "metrics": {
            "mae": 0.06595309281949933,
            "rmse": 0.0881174848386,
            "spearman": 0.9973927721752252
          }
        },
        "logistic": {
          "a": 5.0,
          "b": 0.3,
          "metrics": {
            "mae": 0.058649433714572034,
            "rmse": 0.07356900839749599,
            "spearman": 0.9973927721752252
          }
        },
        "piecewise": {
          "xp": [
            0.0,
            0.1256902690554069,
            0.25497397333603733,
            0.3385350079250134,
            0.4363976357016222,
            1.0
          ],
          "yp": [
            0.0033658902391317997,
            0.07689464507366357,
            0.36219010093169307,
            0.5203423005302916,
            0.6068261849557799,
            0.6871547645401228
          ],
          "metrics": {
            "mae": 0.02414155428886056,
            "rmse": 0.031408768535866625,
            "spearman": 0.9973927721752252
          }
        }
      },
      "best_function": "piecewise",
      "best_mae": 0.02414155428886056
    },
    "mf": {
      "k_min": 0.015513889926385232,
      "k_max": 5.537527386684255,
      "isotonic_mae": 0.11123266818196104,
      "parametric": {
        "linear": {
          "metrics": {
            "mae": 0.19775106440039464,
            "rmse": 0.2345603838581662,
            "spearman": 0.9988365578295523
          }
        },
        "power": {
          "alpha": 0.5,
          "metrics": {
            "mae": 0.1561886837330104,
            "rmse": 0.18539809525090628,
            "spearman": 0.9988365578295523
          }
        },
        "exp": {
          "beta": 3.1,
          "metrics": {
            "mae": 0.11192423419282398,
            "rmse": 0.16099679605829964,
            "spearman": 0.9988365578295523
          }
        },
        "logistic": {
          "a": 12.0,
          "b": 0.3,
          "metrics": {
            "mae": 0.06532768583288173,
            "rmse": 0.07773906318164761,
            "spearman": 0.9988365578295523
          }
        },
        "piecewise": {
          "xp": [
            0.0,
            0.1256902690554069,
            0.25497397333603733,
            0.3385350079250134,
            0.4363976357016222,
            1.0
          ],
          "yp": [
            0.003362703623645373,
            0.05984046273964138,
            0.36356465720899767,
            0.6781619749436697,
            0.7552936901902576,
            0.8644010128027482
          ],
          "metrics": {
            "mae": 0.034288485180780266,
            "rmse": 0.04465210377237235,
            "spearman": 0.9988365578295523
          }
        }
      },
      "best_function": "piecewise",
      "best_mae": 0.034288485180780266
    }
  }
}