{
  "th": {
    "bc": {
      "rmse": 12.520854179171792,
      "mae": 8.55647545119877,
      "r2": 0.9630450970875956,
      "nll": NaN
    },
    "lstm_gmm": {
      "rmse": 8.081567189508853,
      "mae": 4.2370257470847585,
      "r2": 0.984666353315467,
      "nll": NaN
    },
    "diffusion_c": {
      "rmse": 11.136717215007872,
      "mae": 6.191368416548055,
      "r2": 0.9708832070964094,
      "nll": NaN
    },
    "diffusion_c_ddim": {
      "rmse": 11.136717215007872,
      "mae": 6.191368416548055,
      "r2": 0.9708832070964094,
      "nll": NaN
    }
  },
  "if": {
    "bc": {
      "rmse": 6.644959966344388,
      "mae": 4.23214043961051,
      "r2": 0.964235243178034,
      "nll": NaN
    },
    "lstm_gmm": {
      "rmse": 5.098166370000467,
      "mae": 2.206389559382274,
      "r2": 0.9798336743396772,
      "nll": NaN
    },
    "diffusion_c": {
      "rmse": 6.028164440939907,
      "mae": 2.921209318641598,
      "r2": 0.9711640712398539,
      "nll": NaN
    },
    "diffusion_c_ddim": {
      "rmse": 6.028164440939907,
      "mae": 2.921209318641598,
      "r2": 0.9711640712398539,
      "nll": NaN
    }
  },
  "mf": {
    "bc": {
      "rmse": 7.005648934752795,
      "mae": 4.688947541857448,
      "r2": 0.9646718351125491,
      "nll": NaN
    },
    "lstm_gmm": {
      "rmse": 12.322044853923687,
      "mae": 6.019853626963749,
      "r2": 0.8553507284248373,
      "nll": NaN
    },
    "diffusion_c": {
      "rmse": 6.4489217512073616,
      "mae": 3.529072014091753,
      "r2": 0.9709859363040123,
      "nll": NaN
    },
    "diffusion_c_ddim": {
      "rmse": 6.4489217512073616,
      "mae": 3.529072014091753,
      "r2": 0.9709859363040123,
      "nll": NaN
    }
  }
}