{
  "gmr": {
    "rmse": 19.536516102163944,
    "mae": 13.37510648488421,
    "r2": 0.8022534106095878,
    "nll": -0.5324750067690251
  },
  "gmm": {
    "rmse": 20.18963078261857,
    "mae": 13.905419872241842,
    "r2": 0.7874410841875232,
    "nll": -0.5324750067690251
  },
  "bc": {
    "rmse": 8.012534338744233,
    "mae": 5.335525428219904,
    "r2": 0.9621067479775566,
    "nll": NaN
  },
  "ibc": {
    "rmse": 65.08470714240158,
    "mae": 48.158890565578126,
    "r2": -1.0262999074483994,
    "nll": NaN
  },
  "diffusion_c": {
    "rmse": 6.852388165854609,
    "mae": 3.648187360316035,
    "r2": 0.9724430078305067,
    "nll": NaN
  },
  "diffusion_c_ddim": {
    "rmse": 11.565020073929997,
    "mae": 7.296460254723382,
    "r2": 0.919476510795422,
    "nll": NaN
  },
  "diffusion_t": {
    "rmse": 6.525743172485039,
    "mae": 3.409877781939403,
    "r2": 0.973922763638117,
    "nll": NaN
  },
  "diffusion_t_ddim": {
    "rmse": 11.647351709084814,
    "mae": 7.115563108782938,
    "r2": 0.9148535853011334,
    "nll": NaN
  },
  "lstm_gmm": {
    "rmse": 10.39433564635292,
    "mae": 6.599241481118333,
    "r2": 0.9408044262088977,
    "nll": NaN
  }
}