{
  "per_finger": {
    "th": {
      "weights": {
        "emg_ch1": 0.0,
        "emg_ch2": 0.0,
        "emg_ch3": 0.2261467236624556,
        "emg_ch4": 0.0,
        "emg_ch5": 4.9693242600374,
        "emg_ch6": 5.595571499003526,
        "emg_ch7": 0.0,
        "emg_ch8": 0.0
      },
      "metrics": {
        "spearman_raw": 0.33311335751618104,
        "spearman_mono": 1.0
      },
      "mapping": {
        "breakpoints_x": [
          0.0,
          0.5326877998845946,
          1.0
        ],
        "breakpoints_y": [
          235.89063384681134,
          251.70135667583972,
          268.9331972300722
        ]
      }
    },
    "if": {
      "weights": {
        "emg_ch1": 0.0,
        "emg_ch2": 0.0,
        "emg_ch3": 0.018243323559688142,
        "emg_ch4": 0.0,
        "emg_ch5": 9.90932939285215,
        "emg_ch6": 4.978532606276454,
        "emg_ch7": 0.0,
        "emg_ch8": 0.0
      },
      "metrics": {
        "spearman_raw": 0.3178162579246063,
        "spearman_mono": 0.8243546874278488
      },
      "mapping": {
        "breakpoints_x": [
          0.0,
          0.2365375294344579,
          1.0
        ],
        "breakpoints_y": [
          333.88705965935014,
          348.36082643049514,
          348.36154003469017
        ]
      }
    },
    "mf": {
      "weights": {
        "emg_ch1": 0.0,
        "emg_ch2": 0.0,
        "emg_ch3": 0.0,
        "emg_ch4": 0.0,
        "emg_ch5": 14.903948390626121,
        "emg_ch6": 0.0,
        "emg_ch7": 0.0,
        "emg_ch8": 0.6760805920438575
      },
      "metrics": {
        "spearman_raw": 0.33259047044401935,
        "spearman_mono": 1.0
      },
      "mapping": {
        "breakpoints_x": [
          0.0,
          0.6769019924069247,
          1.0
        ],
        "breakpoints_y": [
          337.0584201240346,
          399.7365250660307,
          399.7365250660307
        ]
      }
    }
  },
  "emg_collinearity_pearson": {
    "emg_ch1": {
      "emg_ch1": 1.0,
      "emg_ch2": 0.9980097148218005,
      "emg_ch3": 0.9966425723160893,
      "emg_ch4": 0.933555253790807,
      "emg_ch5": 0.44255279378970175,
      "emg_ch6": -0.14027241418385622,
      "emg_ch7": 0.8083505285420057,
      "emg_ch8": -0.9335552537908027
    },
    "emg_ch2": {
      "emg_ch1": 0.9980097148218005,
      "emg_ch2": 1.0,
      "emg_ch3": 0.9894958763605409,
      "emg_ch4": 0.9543001597364066,
      "emg_ch5": 0.4982208901949751,
      "emg_ch6": -0.20243011194542782,
      "emg_ch7": 0.8438654077668931,
      "emg_ch8": -0.954300159736399
    },
    "emg_ch3": {
      "emg_ch1": 0.9966425723160893,
      "emg_ch2": 0.9894958763605409,
      "emg_ch3": 1.0,
      "emg_ch4": 0.9010740175227442,
      "emg_ch5": 0.36764579733156033,
      "emg_ch6": -0.05873555441219257,
      "emg_ch7": 0.7574363746977028,
      "emg_ch8": -0.9010740175227385
    },
    "emg_ch4": {
      "emg_ch1": 0.933555253790807,
      "emg_ch2": 0.9543001597364066,
      "emg_ch3": 0.9010740175227442,
      "emg_ch4": 1.0,
      "emg_ch5": 0.7345700390489036,
      "emg_ch6": -0.48584171818305627,
      "emg_ch7": 0.9656502235088288,
      "emg_ch8": -1.0000000000000018
    },
    "emg_ch5": {
      "emg_ch1": 0.44255279378970175,
      "emg_ch2": 0.4982208901949751,
      "emg_ch3": 0.36764579733156033,
      "emg_ch4": 0.7345700390489036,
      "emg_ch5": 1.0,
      "emg_ch6": -0.9499542612634503,
      "emg_ch7": 0.8856513859991783,
      "emg_ch8": -0.7345700390488993
    },
    "emg_ch6": {
      "emg_ch1": -0.14027241418385622,
      "emg_ch2": -0.20243011194542782,
      "emg_ch3": -0.05873555441219257,
      "emg_ch4": -0.48584171818305627,
      "emg_ch5": -0.9499542612634503,
      "emg_ch6": 1.0,
      "emg_ch7": -0.6962702299771472,
      "emg_ch8": 0.48584171818305294
    },
    "emg_ch7": {
      "emg_ch1": 0.8083505285420057,
      "emg_ch2": 0.8438654077668931,
      "emg_ch3": 0.7574363746977028,
      "emg_ch4": 0.9656502235088288,
      "emg_ch5": 0.8856513859991783,
      "emg_ch6": -0.6962702299771472,
      "emg_ch7": 1.0,
      "emg_ch8": -0.9656502235088277
    },
    "emg_ch8": {
      "emg_ch1": -0.9335552537908027,
      "emg_ch2": -0.954300159736399,
      "emg_ch3": -0.9010740175227385,
      "emg_ch4": -1.0000000000000018,
      "emg_ch5": -0.7345700390488993,
      "emg_ch6": 0.48584171818305294,
      "emg_ch7": -0.9656502235088277,
      "emg_ch8": 1.0
    }
  }
}