finger,spearman_raw,spearman_mono
th,0.33311335751618104,1.0
if,0.3178162579246063,0.8243546874278488
mf,0.33259047044401935,1.0
