channel,mean_abs_corr
emg_ch6,0.24449720034723813
emg_ch5,0.24402142984274844
emg_ch7,0.23172730498910013
emg_ch3,0.22180026593491833
emg_ch1,0.20914930276180652
emg_ch4,0.20206005982047892
emg_ch8,0.202060059820469
emg_ch2,0.198448440150797
