{
  "correlations": {
    "pearson": {
      "emg_ch1": {
        "emg_ch1": 1.0,
        "emg_ch2": 0.9980097148218005,
        "emg_ch3": 0.9966425723160893,
        "emg_ch4": 0.933555253790807,
        "emg_ch5": 0.44255279378970175,
        "emg_ch6": -0.14027241418385622,
        "emg_ch7": 0.8083505285420057,
        "emg_ch8": -0.9335552537908027,
        "th_k_norm": 0.31992383760627946,
        "if_k_norm": 0.20100534718595642,
        "mf_k_norm": -0.10651872349318356
      },
      "emg_ch2": {
        "emg_ch1": 0.9980097148218005,
        "emg_ch2": 1.0,
        "emg_ch3": 0.9894958763605409,
        "emg_ch4": 0.9543001597364066,
        "emg_ch5": 0.4982208901949751,
        "emg_ch6": -0.20243011194542782,
        "emg_ch7": 0.8438654077668931,
        "emg_ch8": -0.954300159736399,
        "th_k_norm": 0.3142135363956829,
        "if_k_norm": 0.20954348387681648,
        "mf_k_norm": -0.07158830017989164
      },
      "emg_ch3": {
        "emg_ch1": 0.9966425723160893,
        "emg_ch2": 0.9894958763605409,
        "emg_ch3": 1.0,
        "emg_ch4": 0.9010740175227442,
        "emg_ch5": 0.36764579733156033,
        "emg_ch6": -0.05873555441219257,
        "emg_ch7": 0.7574363746977028,
        "emg_ch8": -0.9010740175227385,
        "th_k_norm": 0.3254370549020126,
        "if_k_norm": 0.18872544061658572,
        "mf_k_norm": -0.15123830228615676
      },
      "emg_ch4": {
        "emg_ch1": 0.933555253790807,
        "emg_ch2": 0.9543001597364066,
        "emg_ch3": 0.9010740175227442,
        "emg_ch4": 1.0,
        "emg_ch5": 0.7345700390489036,
        "emg_ch6": -0.48584171818305627,
        "emg_ch7": 0.9656502235088288,
        "emg_ch8": -1.0000000000000018,
        "th_k_norm": 0.26982858208201094,
        "if_k_norm": 0.23845407353876846,
        "mf_k_norm": 0.09789752384065736
      },
      "emg_ch5": {
        "emg_ch1": 0.44255279378970175,
        "emg_ch2": 0.4982208901949751,
        "emg_ch3": 0.36764579733156033,
        "emg_ch4": 0.7345700390489036,
        "emg_ch5": 1.0,
        "emg_ch6": -0.9499542612634503,
        "emg_ch7": 0.8856513859991783,
        "emg_ch8": -0.7345700390488993,
        "th_k_norm": 0.06943520252902097,
        "if_k_norm": 0.21606002460982032,
        "mf_k_norm": 0.446569062389404
      },
      "emg_ch6": {
        "emg_ch1": -0.14027241418385622,
        "emg_ch2": -0.20243011194542782,
        "emg_ch3": -0.05873555441219257,
        "emg_ch4": -0.48584171818305627,
        "emg_ch5": -0.9499542612634503,
        "emg_ch6": 1.0,
        "emg_ch7": -0.6962702299771472,
        "emg_ch8": 0.48584171818305294,
        "th_k_norm": 0.034783679348348355,
        "if_k_norm": -0.16853441437778682,
        "mf_k_norm": -0.5301735073155792
      },
      "emg_ch7": {
        "emg_ch1": 0.8083505285420057,
        "emg_ch2": 0.8438654077668931,
        "emg_ch3": 0.7574363746977028,
        "emg_ch4": 0.9656502235088288,
        "emg_ch5": 0.8856513859991783,
        "emg_ch6": -0.6962702299771472,
        "emg_ch7": 1.0,
        "emg_ch8": -0.9656502235088277,
        "th_k_norm": 0.21124625101889624,
        "if_k_norm": 0.2459255035261611,
        "mf_k_norm": 0.23801016042224304
      },
      "emg_ch8": {
        "emg_ch1": -0.9335552537908027,
        "emg_ch2": -0.954300159736399,
        "emg_ch3": -0.9010740175227385,
        "emg_ch4": -1.0000000000000018,
        "emg_ch5": -0.7345700390488993,
        "emg_ch6": 0.48584171818305294,
        "emg_ch7": -0.9656502235088277,
        "emg_ch8": 1.0,
        "th_k_norm": -0.2698285820820169,
        "if_k_norm": -0.23845407353875972,
        "mf_k_norm": -0.0978975238406305
      },
      "th_k_norm": {
        "emg_ch1": 0.31992383760627946,
        "emg_ch2": 0.3142135363956829,
        "emg_ch3": 0.3254370549020126,
        "emg_ch4": 0.26982858208201094,
        "emg_ch5": 0.06943520252902097,
        "emg_ch6": 0.034783679348348355,
        "emg_ch7": 0.21124625101889624,
        "emg_ch8": -0.2698285820820169,
        "th_k_norm": 1.0,
        "if_k_norm": 0.002051915103441914,
        "mf_k_norm": -0.28076282886689913
      },
      "if_k_norm": {
        "emg_ch1": 0.20100534718595642,
        "emg_ch2": 0.20954348387681648,
        "emg_ch3": 0.18872544061658572,
        "emg_ch4": 0.23845407353876846,
        "emg_ch5": 0.21606002460982032,
        "emg_ch6": -0.16853441437778682,
        "emg_ch7": 0.2459255035261611,
        "emg_ch8": -0.23845407353875972,
        "th_k_norm": 0.002051915103441914,
        "if_k_norm": 1.0,
        "mf_k_norm": 0.5139961739152684
      },
      "mf_k_norm": {
        "emg_ch1": -0.10651872349318356,
        "emg_ch2": -0.07158830017989164,
        "emg_ch3": -0.15123830228615676,
        "emg_ch4": 0.09789752384065736,
        "emg_ch5": 0.446569062389404,
        "emg_ch6": -0.5301735073155792,
        "emg_ch7": 0.23801016042224304,
        "emg_ch8": -0.0978975238406305,
        "th_k_norm": -0.28076282886689913,
        "if_k_norm": 0.5139961739152684,
        "mf_k_norm": 1.0
      }
    },
    "spearman": {
      "emg_ch1": {
        "emg_ch1": 1.0,
        "emg_ch2": 1.0,
        "emg_ch3": 1.0,
        "emg_ch4": 0.8243546874278487,
        "emg_ch5": 0.3591213013685323,
        "emg_ch6": 0.09426894834119257,
        "emg_ch7": 0.3591213013685323,
        "emg_ch8": -0.8243546874278487,
        "th_k_norm": 0.333113357516181,
        "if_k_norm": 0.25283473511446075,
        "mf_k_norm": -0.28772666717508116
      },
      "emg_ch2": {
        "emg_ch1": 1.0,
        "emg_ch2": 1.0,
        "emg_ch3": 1.0,
        "emg_ch4": 0.8243546874278487,
        "emg_ch5": 0.3591213013685323,
        "emg_ch6": 0.09426894834119257,
        "emg_ch7": 0.3591213013685323,
        "emg_ch8": -0.8243546874278487,
        "th_k_norm": 0.333113357516181,
        "if_k_norm": 0.25283473511446075,
        "mf_k_norm": -0.28772666717508116
      },
      "emg_ch3": {
        "emg_ch1": 1.0,
        "emg_ch2": 1.0,
        "emg_ch3": 1.0,
        "emg_ch4": 0.8243546874278487,
        "emg_ch5": 0.3591213013685323,
        "emg_ch6": 0.09426894834119257,
        "emg_ch7": 0.3591213013685323,
        "emg_ch8": -0.8243546874278487,
        "th_k_norm": 0.333113357516181,
        "if_k_norm": 0.25283473511446075,
        "mf_k_norm": -0.28772666717508116
      },
      "emg_ch4": {
        "emg_ch1": 0.8243546874278487,
        "emg_ch2": 0.8243546874278487,
        "emg_ch3": 0.8243546874278487,
        "emg_ch4": 1.0,
        "emg_ch5": 0.8243546874278487,
        "emg_ch6": -0.4858417181830521,
        "emg_ch7": 0.8243546874278487,
        "emg_ch8": -1.0,
        "th_k_norm": 0.2753010856360499,
        "if_k_norm": 0.3461198205954358,
        "mf_k_norm": 0.027211468529961428
      },
      "emg_ch5": {
        "emg_ch1": 0.3591213013685323,
        "emg_ch2": 0.3591213013685323,
        "emg_ch3": 0.3591213013685323,
        "emg_ch4": 0.8243546874278487,
        "emg_ch5": 1.0,
        "emg_ch6": -0.8952807438055903,
        "emg_ch7": 1.0,
        "emg_ch8": -0.8243546874278487,
        "th_k_norm": 0.1207781232799256,
        "if_k_norm": 0.31781625792460627,
        "mf_k_norm": 0.33259047044401935
      },
      "emg_ch6": {
        "emg_ch1": 0.09426894834119257,
        "emg_ch2": 0.09426894834119257,
        "emg_ch3": 0.09426894834119257,
        "emg_ch4": -0.4858417181830521,
        "emg_ch5": -0.8952807438055903,
        "emg_ch6": 1.0,
        "emg_ch7": -0.8952807438055903,
        "emg_ch8": 0.4858417181830521,
        "th_k_norm": 0.030175512058027,
        "if_k_norm": -0.218326856012693,
        "mf_k_norm": -0.49212125851821137
      },
      "emg_ch7": {
        "emg_ch1": 0.3591213013685323,
        "emg_ch2": 0.3591213013685323,
        "emg_ch3": 0.3591213013685323,
        "emg_ch4": 0.8243546874278487,
        "emg_ch5": 1.0,
        "emg_ch6": -0.8952807438055903,
        "emg_ch7": 1.0,
        "emg_ch8": -0.8243546874278487,