channel,mean_abs_corr
emg_ch7,0.21796380375363847
emg_ch5,0.1926646471058573
emg_ch1,0.128405217419824
emg_ch6,0.12406775963507333
emg_ch8,0.11634191079951674
emg_ch2,0.11593520346411708
emg_ch3,0.11140050753168662
emg_ch4,0.10241858899965262
