ch1,ch2,pearson
emg_ch2,emg_ch4,0.966165904055105
emg_ch6,emg_ch7,0.9313616392847608
