{
  "correlations": {
    "pearson": {
      "emg_ch1": {
        "emg_ch1": 1.0,
        "emg_ch2": 0.7832427779546078,
        "emg_ch3": 0.36356311672732344,
        "emg_ch4": 0.7548928756826969,
        "emg_ch5": 0.5548102354980692,
        "emg_ch6": 0.4309000072935452,
        "emg_ch7": 0.4660331098028945,
        "emg_ch8": -0.6837985473143543,
        "th_k_norm": 0.22454471728354505,
        "if_k_norm": -0.07001130194524828,
        "mf_k_norm": -0.09065963303067869
      },
      "emg_ch2": {
        "emg_ch1": 0.7832427779546078,
        "emg_ch2": 1.0,
        "emg_ch3": 0.8270258772310614,
        "emg_ch4": 0.974247292062105,
        "emg_ch5": 0.6072532034730201,
        "emg_ch6": 0.49064377230216016,
        "emg_ch7": 0.6262093079730999,
        "emg_ch8": -0.3396338106847049,
        "th_k_norm": 0.2625685911222319,
        "if_k_norm": -0.04708976250505537,
        "mf_k_norm": -0.038147256765063996
      },
      "emg_ch3": {
        "emg_ch1": 0.36356311672732344,
        "emg_ch2": 0.8270258772310614,
        "emg_ch3": 1.0,
        "emg_ch4": 0.8225447356771592,
        "emg_ch5": 0.5955124043418082,
        "emg_ch6": 0.3251866991615518,
        "emg_ch7": 0.43747840783278097,
        "emg_ch8": 0.019534988142684322,
        "th_k_norm": 0.22140368132974675,
        "if_k_norm": -0.08732408488170547,
        "mf_k_norm": -0.02547375638360765
      },
      "emg_ch4": {
        "emg_ch1": 0.7548928756826969,
        "emg_ch2": 0.974247292062105,
        "emg_ch3": 0.8225447356771592,
        "emg_ch4": 1.0,
        "emg_ch5": 0.650749129041931,
        "emg_ch6": 0.4222175968541929,
        "emg_ch7": 0.5727014398957214,
        "emg_ch8": -0.28507006579259464,
        "th_k_norm": 0.2469283989773629,
        "if_k_norm": -0.05154191995482004,
        "mf_k_norm": -0.008785448066774889
      },
      "emg_ch5": {
        "emg_ch1": 0.5548102354980692,
        "emg_ch2": 0.6072532034730201,
        "emg_ch3": 0.5955124043418082,
        "emg_ch4": 0.650749129041931,
        "emg_ch5": 1.0,
        "emg_ch6": 0.15758676047753145,
        "emg_ch7": 0.10567434221073474,
        "emg_ch8": -0.4389825803076969,
        "th_k_norm": 0.12491085405254078,
        "if_k_norm": -0.30401223249416587,
        "mf_k_norm": -0.1490708547708652
      },
      "emg_ch6": {
        "emg_ch1": 0.4309000072935452,
        "emg_ch2": 0.49064377230216016,
        "emg_ch3": 0.3251866991615518,
        "emg_ch4": 0.4222175968541929,
        "emg_ch5": 0.15758676047753145,
        "emg_ch6": 1.0,
        "emg_ch7": 0.853446780185045,
        "emg_ch8": -0.16410035633519376,
        "th_k_norm": 0.18672711695978425,
        "if_k_norm": 0.0902255864855579,
        "mf_k_norm": 0.0952505754598778
      },
      "emg_ch7": {
        "emg_ch1": 0.4660331098028945,
        "emg_ch2": 0.6262093079730999,
        "emg_ch3": 0.43747840783278097,
        "emg_ch4": 0.5727014398957214,
        "emg_ch5": 0.10567434221073474,
        "emg_ch6": 0.853446780185045,
        "emg_ch7": 1.0,
        "emg_ch8": -0.2132269849656245,
        "th_k_norm": 0.2609667057142936,
        "if_k_norm": 0.20514713092400622,
        "mf_k_norm": 0.18777757462261566
      },
      "emg_ch8": {
        "emg_ch1": -0.6837985473143543,
        "emg_ch2": -0.3396338106847049,
        "emg_ch3": 0.019534988142684322,
        "emg_ch4": -0.28507006579259464,
        "emg_ch5": -0.4389825803076969,
        "emg_ch6": -0.16410035633519376,
        "emg_ch7": -0.2132269849656245,
        "emg_ch8": 1.0,
        "th_k_norm": -0.1808628364381235,
        "if_k_norm": 0.07460867030508506,
        "mf_k_norm": 0.09355422565534167
      },
      "th_k_norm": {
        "emg_ch1": 0.22454471728354505,
        "emg_ch2": 0.2625685911222319,
        "emg_ch3": 0.22140368132974675,
        "emg_ch4": 0.2469283989773629,
        "emg_ch5": 0.12491085405254078,
        "emg_ch6": 0.18672711695978425,
        "emg_ch7": 0.2609667057142936,
        "emg_ch8": -0.1808628364381235,
        "th_k_norm": 1.0,
        "if_k_norm": 0.6087658038035436,
        "mf_k_norm": 0.5295364048616178
      },
      "if_k_norm": {
        "emg_ch1": -0.07001130194524828,
        "emg_ch2": -0.04708976250505537,
        "emg_ch3": -0.08732408488170547,
        "emg_ch4": -0.05154191995482004,
        "emg_ch5": -0.30401223249416587,
        "emg_ch6": 0.0902255864855579,
        "emg_ch7": 0.20514713092400622,
        "emg_ch8": 0.07460867030508506,
        "th_k_norm": 0.6087658038035436,
        "if_k_norm": 1.0,
        "mf_k_norm": 0.8511774638967923
      },
      "mf_k_norm": {
        "emg_ch1": -0.09065963303067869,
        "emg_ch2": -0.038147256765063996,
        "emg_ch3": -0.02547375638360765,
        "emg_ch4": -0.008785448066774889,
        "emg_ch5": -0.1490708547708652,
        "emg_ch6": 0.0952505754598778,
        "emg_ch7": 0.18777757462261566,
        "emg_ch8": 0.09355422565534167,
        "th_k_norm": 0.5295364048616178,
        "if_k_norm": 0.8511774638967923,
        "mf_k_norm": 1.0
      }
    },
    "spearman": {
      "emg_ch1": {
        "emg_ch1": 1.0,
        "emg_ch2": 0.49100841398632333,
        "emg_ch3": 0.3311384277169446,
        "emg_ch4": 0.48767704271641493,
        "emg_ch5": 0.5561834253475569,
        "emg_ch6": 0.247072964194527,
        "emg_ch7": -0.07613045540485881,
        "emg_ch8": -0.765074018994062,
        "th_k_norm": 0.21467502724282253,
        "if_k_norm": -0.16097857877400823,
        "mf_k_norm": -0.1244640143210362
      },
      "emg_ch2": {
        "emg_ch1": 0.49100841398632333,
        "emg_ch2": 1.0,
        "emg_ch3": 0.9198563662198345,
        "emg_ch4": 0.794665367453585,
        "emg_ch5": 0.48214127794906425,
        "emg_ch6": 0.26011101309318185,
        "emg_ch7": 0.47652810674142393,
        "emg_ch8": -0.19536052975387197,
        "th_k_norm": 0.21107696209313487,
        "if_k_norm": -0.1545772179019913,
        "mf_k_norm": -0.1549137177522647
      },
      "emg_ch3": {
        "emg_ch1": 0.3311384277169446,
        "emg_ch2": 0.9198563662198345,
        "emg_ch3": 1.0,
        "emg_ch4": 0.8843526809847707,
        "emg_ch5": 0.5920706781054735,
        "emg_ch6": 0.38370694186064025,
        "emg_ch7": 0.5351112773600509,
        "emg_ch8": -0.09831102791136898,
        "th_k_norm": 0.2749966744387794,
        "if_k_norm": -0.17995775642534906,
        "mf_k_norm": -0.09579643651889636
      },
      "emg_ch4": {
        "emg_ch1": 0.48767704271641493,
        "emg_ch2": 0.794665367453585,
        "emg_ch3": 0.8843526809847707,
        "emg_ch4": 1.0,
        "emg_ch5": 0.7085669355083295,
        "emg_ch6": 0.3508524348853091,
        "emg_ch7": 0.5461128251380495,
        "emg_ch8": -0.2848365698514147,
        "th_k_norm": 0.30898214201805985,
        "if_k_norm": -0.15097084650808554,
        "mf_k_norm": -0.0014574633023067213
      },
      "emg_ch5": {
        "emg_ch1": 0.5561834253475569,
        "emg_ch2": 0.48214127794906425,
        "emg_ch3": 0.5920706781054735,
        "emg_ch4": 0.7085669355083295,
        "emg_ch5": 1.0,
        "emg_ch6": 0.2810062930337617,
        "emg_ch7": 0.4154515373102239,
        "emg_ch8": -0.5331632482546446,
        "th_k_norm": 0.19594491747473192,
        "if_k_norm": -0.36497319213061546,
        "mf_k_norm": -0.13871132856705948
      },
      "emg_ch6": {
        "emg_ch1": 0.247072964194527,
        "emg_ch2": 0.26011101309318185,
        "emg_ch3": 0.38370694186064025,
        "emg_ch4": 0.3508524348853091,
        "emg_ch5": 0.2810062930337617,
        "emg_ch6": 1.0,
        "emg_ch7": 0.2528814433300589,
        "emg_ch8": -0.10417686143401282,
        "th_k_norm": 0.07944239455599436,
        "if_k_norm": -0.10264805260662764,
        "mf_k_norm": -0.047313139425810245
      },
      "emg_ch7": {
        "emg_ch1": -0.07613045540485881,
        "emg_ch2": 0.47652810674142393,
        "emg_ch3": 0.5351112773600509,
        "emg_ch4": 0.5461128251380495,