{
  "fingers": {
    "th": {
      "force_norm": {
        "min": 6.245727012487208e-05,
        "max": 5.026990637517376,
        "mean": 2.6640179318633534,
        "std": 1.846095558555642
      },
      "k_norm": {
        "min": 689.0429334460782,
        "max": 1077.8594744483828,
        "mean": 928.9411894475433,
        "std": 94.55403424584608
      },
      "force_k_corr": {
        "pearson": -0.7830619146929719,
        "spearman": -0.7847378204807173
      },
      "emg_channel_corr": {
        "emg_ch1": {
          "pearson": -0.6491563385052539,
          "spearman": -0.7233300313608667
        },
        "emg_ch2": {
          "pearson": -0.7321428267300717,
          "spearman": -0.7577572128884273
        },
        "emg_ch3": {
          "pearson": -0.9045410819109764,
          "spearman": -0.9095296086015618
        },
        "emg_ch4": {
          "pearson": -0.825985182626096,
          "spearman": -0.8660805122256141
        },
        "emg_ch5": {
          "pearson": -0.7570296559955185,
          "spearman": -0.8224635151955441
        },
        "emg_ch6": {
          "pearson": -0.6325753533805186,
          "spearman": -0.6996733413221173
        },
        "emg_ch7": {
          "pearson": -0.40329483479493783,
          "spearman": -0.4195180516605241
        },
        "emg_ch8": {
          "pearson": -0.1799006412133062,
          "spearman": -0.47909686923476064
        }
      }
    },
    "if": {
      "force_norm": {
        "min": 0.00020558118887236773,
        "max": 5.711457888261381,
        "mean": 2.1604065703022663,
        "std": 1.6036622153706181
      },
      "k_norm": {
        "min": 940.6007069548648,
        "max": 1087.5465763675704,
        "mean": 1013.232177903694,
        "std": 32.41106434614891
      },
      "force_k_corr": {
        "pearson": -0.6277655709423421,
        "spearman": -0.6282340041492035
      },
      "emg_channel_corr": {
        "emg_ch1": {
          "pearson": -0.38996407979505493,
          "spearman": -0.5336074770371131
        },
        "emg_ch2": {
          "pearson": -0.6800866763599055,
          "spearman": -0.6863948583895434
        },
        "emg_ch3": {
          "pearson": -0.6199056878553088,
          "spearman": -0.666476978818116
        },
        "emg_ch4": {
          "pearson": -0.591568609660062,
          "spearman": -0.6938125734710998
        },
        "emg_ch5": {
          "pearson": -0.5429270830456548,
          "spearman": -0.6825951370638417
        },
        "emg_ch6": {
          "pearson": -0.3772639708565272,
          "spearman": -0.49298840985468617
        },
        "emg_ch7": {
          "pearson": 0.11462386443589197,
          "spearman": 0.05433728918402594
        },
        "emg_ch8": {
          "pearson": 0.04411452697356831,
          "spearman": -0.22240238716213945
        }
      }
    },
    "mf": {
      "force_norm": {
        "min": 0.0001211203385704742,
        "max": 6.022106733531997,
        "mean": 2.764026901078313,
        "std": 2.1597628833996136
      },
      "k_norm": {
        "min": 422.02987530274834,
        "max": 832.9919806513042,
        "mean": 550.5204330103451,
        "std": 86.49765095117847
      },
      "force_k_corr": {
        "pearson": 0.6928429722964932,
        "spearman": 0.7338259365486842
      },
      "emg_channel_corr": {
        "emg_ch1": {
          "pearson": 0.8122562039246554,
          "spearman": 0.796069681311134
        },
        "emg_ch2": {
          "pearson": 0.6910802306004724,
          "spearman": 0.7129913444806889
        },
        "emg_ch3": {
          "pearson": 0.703937725297201,
          "spearman": 0.6763733109360615
        },
        "emg_ch4": {
          "pearson": 0.9214687498004759,
          "spearman": 0.8986871696590896
        },
        "emg_ch5": {
          "pearson": 0.9079225399328812,
          "spearman": 0.8889163778549062
        },
        "emg_ch6": {
          "pearson": 0.6851000307885381,
          "spearman": 0.6592563525085099
        },
        "emg_ch7": {
          "pearson": -0.014424641665848722,
          "spearman": 0.025309040468784967
        },
        "emg_ch8": {
          "pearson": 0.18745010334934567,
          "spearman": 0.43069336469017344
        }
      }
    }
  },
  "files_processed": 10,
  "rows": 182268
}