finger,variant,fro_norm,fro_rel,eig_L2,trace_diff,principal_angle_max_deg,canonical_corr_mean
th,abs,0.24917037288046692,0.14530707584263627,0.0010424124217393441,0.0005565635585318418,0.0,1.0
th,neg,0.24917037288046692,0.14530707584263627,0.0010424124217393441,0.0005565635585318418,0.0,1.0
if,abs,1.333706716808486,0.7871243347017891,0.028424679671683523,0.03250045804957802,0.0,0.9999999999999996
if,neg,1.333706716808486,0.7871243347017891,0.028424679671683523,0.03250045804957802,0.0,0.9999999999999996
mf,abs,0.31906239379684415,0.18677863054421598,0.0004949619566017398,0.0005940595716142916,0.0,0.9999999999999999
mf,neg,0.31906239379684415,0.18677863054421598,0.0004949619566017398,0.0005940595716142916,0.0,0.9999999999999999
